{
    "parent": "item/generated",
    "textures": {
        "layer0": "item/iron_nugget"
    },
    "overrides":[
        {"predicate":{"custom_model_data":2},"model":"item/Cust_Item/Evil_nugget"},
        {"predicate":{"custom_model_data":3},"model":"item/Cust_Item/Magic_nugget"},
        {"predicate":{"custom_model_data":4},"model":"item/Cust_Item/Soul_crystal"},
        {"predicate":{"custom_model_data":5},"model":"item/Cust_Item/Weapon_Parts"},
        {"predicate":{"custom_model_data":6},"model":"item/Cust_Item/Equipment_Chest_Fragment"}
        
    ]
}
