{
    "parent": "item/handheld_rod",
    "textures": {
        "layer0": "item/carrot_on_a_stick"
    },
	"overrides" :[
		{"predicate":{"custom_model_data":1},"model":"item/wooden_hoe"},
		{"predicate":{"custom_model_data":2},"model":"item/stone_hoe"},
		{"predicate":{"custom_model_data":3},"model":"item/iron_hoe"},
		{"predicate":{"custom_model_data":4},"model":"item/golden_hoe"},
		{"predicate":{"custom_model_data":5},"model":"item/diamond_hoe"},
		{"predicate":{"custom_model_data":6},"model":"item/Hero_helmet"}
	]
}
