{
    "parent": "item/handheld",
    "textures": {
        "layer0": "item/diamond_hoe"
    },

    "overrides":[
        {"predicate":{"custom_model_data":1}, "model":"item/Weapon/Wand/Magic_Wand"},
        {"predicate":{"custom_model_data":2}, "model":"item/Weapon/Wand/Ruby_Wand"},
        {"predicate":{"custom_model_data":3}, "model":"item/Weapon/Wand/kingdom_wand"},
        {"predicate":{"custom_model_data":1010}, "model":"item/Weapon/Wand/LowPower_Ice_Wand"},
        {"predicate":{"custom_model_data":1020}, "model":"item/Weapon/Wand/Normal_Ice_Wand"},
        {"predicate":{"custom_model_data":1030}, "model":"item/Weapon/Wand/MaxPower_Ice_Wand"}
       
    ]
}
