{
    "parent": "item/generated",
    "textures": {
        "layer0": "item/emerald"
    },
    "overrides":[
        {"predicate":{"custom_model_data":0},"model":"item/emerald"},
        {"predicate":{"custom_model_data":1},"model":"item/Gem/Sun"},
        {"predicate":{"custom_model_data":2},"model":"item/Gem/Black"},
        {"predicate":{"custom_model_data":3},"model":"item/Gem/Light"},
        {"predicate":{"custom_model_data":4},"model":"item/Gem/Night"},
        {"predicate":{"custom_model_data":5},"model":"item/Gem/Ruby"},
        {"predicate":{"custom_model_data":6},"model":"item/Gem/Blue"},
        {"predicate":{"custom_model_data":7},"model":"item/Gem/Azure"},
        {"predicate":{"custom_model_data":8},"model":"item/Gem/Purple"},
        {"predicate":{"custom_model_data":9},"model":"item/Gem/Orange"},
        {"predicate":{"custom_model_data":10},"model":"item/Gem/Emerald"},
        {"predicate":{"custom_model_data":1001},"model":"item/Gem/White"}
    ]
}
